{"train/loss": 0.0635, "train/learning_rate": 2.482005460412013e-09, "train/epoch": 5.0, "train/global_step": 20145, "_timestamp": 1687128660.1825945, "_runtime": 28432.29703950882, "_step": 2416, "eval/loss": 3.290886402130127, "eval/runtime": 53.2046, "eval/samples_per_second": 34.546, "eval/steps_per_second": 8.646, "train/train_runtime": 28429.4477, "train/train_samples_per_second": 2.834, "train/train_steps_per_second": 0.709, "train/total_flos": 2.249139365609472e+17, "train/train_loss": 0.9632001106985807}